000515b8966abde7c4c174efff77845e4d0c4f22.png,GY9K1
00228dcf21534b4353ac027abe12006e4d862d20.png,B99Z4
005fccb608548b372676f7c017c2460d6095ce30.png,AK3SU
007f7f64b5cb9d626232ec9a229db5cde8dd83c4.png,6US4I
00a6e16a16d4673a245ec1cb9e81aa491faa315e.png,ST945
00efe0eacc4a3c829e73d4d24edf1fbe260364fa.png,XG99Z
00f74e19ce0751a7e2a31dc764d9e31fdee06085.png,HMGUI
00fa6c638f0b875d5022767a42b9dce0ab8f6416.png,TMYKW
0105c5b278f843eea3e9a69df9781b127238841f.png,GLLL9
01181bf28363b74bd6afc459e7abaf5bdcaa0322.png,T0YEB
0148b6feb36a5a210d3361c6bcdeaa284d32e671.png,OU5JI
0177295da24c7495c4ff0b2eb77eaec6f37240fe.png,8962Y
01e8273e5467cbd4d8cc4cafc7518d9089129b2c.png,ZC0MW
027c255e75cf7f51ae35bcc293573d591a6181a3.png,LG2OM
029e45652e0bbe313021ed06b0c02e3f8565b822.png,OS08L
02aa08dba2ddecd165eb4b382d309f7a3760d1e0.png,5QN0J
03055352956528e21a09255fb82f0194dffa7d04.png,68PBB
0310669568cb2294d5d690221799aced4f0f50bd.png,I7FP5
03b47bcb4d3bccf8a0bc9dde8674817c35a81c66.png,KYN39
03e2fcda42e89259997e9826f8233962b2bad5d2.png,LIQM2
03f3742e96fc4a6e1f7c833add895648d0461902.png,SRDZT
0416d8c57b0c9a4e5f8f88f3531420cc6f664b3f.png,FNZOL
04361eef86e90b5202782534e6ce418ede448c44.png,DC4XE
0458465349e79d4c4888bb3e99d5682aebb31906.png,CI9I2
048b80ad1ad28e3778a205b2045cd6f476fd71ec.png,0HXG8
04e73962b1114739ccb25d3dd0f21e8ee096dac2.png,QR2PM
050d9f3c01c175187215072262b802c3ba73aa9e.png,I6MKY
05e6ff928ebbf9dce00b1d45917d4c9c193d08ff.png,F373A
05ff47abcfdeb8c1d4b3aa0e817d6d0eb278a4b5.png,7E2LH
063328fa1e5857f7e9761cb45c927be9467cb361.png,04VUC
065f55dca186bc6c8c9d3caeefead0fe627ee7ca.png,0HUE8
067cb192a41b25cc18caf3f2676203dce1a0a253.png,7NIGM
06c135ea158029cb672a741ef4f23edfd27e97c9.png,CZH41
06d8702919da59bb54db3a288854e75ab9c1085d.png,B0K8L
06dc0f6cf0efff629209d46d6ec68504fa9b9f8a.png,BZMB4
07081020a74fa3e3f7e96a3669e4bb4003b49632.png,3RZ8N
070dbec43da56d098c9185ae29df52de49daf09d.png,CNINE
07e694d5db05f7c9389090a046db138c3d659858.png,4LA0R
08c5087f4ec8cd3841faec220fa04a77cfab95f5.png,O8VDY
08e47d8f5e621e1f884ba9822b18827bd9834966.png,R32W3
08edf80935f474c4e4258c93291642a063e4f7b0.png,8GJ7B
093cd2fe94e90b67ec5bdbcff6b6c3a3a89aae7e.png,7ZFXF
09841ca4caa1380bf02fcd34756729531b9ba740.png,GNQRC
098471df00c3ed5e6064cf90d2a7655489d5f66b.png,XKJM5
09ae90c86fc0a9066ed271de285b3a5833e80a46.png,TWO7X
09d1749976c2df917bfb6828dadf802b7ee8d195.png,31HAO
0a07f0306f04c43aff9187c24866f2e4b27c128d.png,C41SE
0a0cbc4a252bb191ccf79443fc0d85eff2f91a59.png,2NDGP
0a34effdf2455f627955a1e89a2a48d70613d5b7.png,NU45J
0a932bf70b3a2b316c0bf0e7391f98a8447fbcf0.png,F14YC
0ac1f87891bf543e8bb100cf66037faa8b8b8f80.png,0J8HG
0ad5d6287020fc7624c3327a9cd5b3b6556158ed.png,W5RHO
0aeb4e66132c8f849a6369ac78215dcd61cea8f9.png,CGS3G
0b15642ad462a94c4fa13a274b8d120920bd3711.png,4CPPX
0b517da563abbec72d5f49fbae8c0090428a8d84.png,XQ2ME
0b80037967d88ccf7d6fa20d229e55c4e5d370f9.png,WRI3N
0b85014d3ba9a5735457ead2b7a10987b1f956d2.png,94NGR
0bcc1fa09fc4ed9601fabce5fa626f6ddeff4e58.png,3GPCE
0be4cef5aaf665a6e05d828f153f7ef53fd3cc71.png,M6Z37
0bf8c0a2ad8943731fe3015b8b80efecab2c6df0.png,3NNUL
0c0a71c9c1eac5735b4f1acd5ed6b8286053e2c7.png,TUPB8
0c69fb160b89bcfbec1381250fd513b1fa42a00d.png,7HA11
0caf569fe24cadf40ab4574a4bfac876d0eb0f9e.png,0H52O
0cf15224f10a25a83b49d5633bdacfd286edf1f2.png,HWBZU
0d42f9bd80cfef8fae0426f92748ebac5a9bfc1d.png,5NC0R
0d7b84e3c85f1aef8dd683ad5fe4e25f01ba3c5e.png,GK0FC
0e084cb3a7fa962fd380a7775ba3ed452c232b14.png,955SF
0e1aa061897f51c1ba318e2aaacbadc109f7cf76.png,ZYIGS
0e9e084d8ae33ec35de5c6400f704ed323befa33.png,JBC4M
0eafa275f785f140317bff0f3e8277c51749e189.png,1553X
0ed434b56f91fed8c54b3d387415c33aedd17ace.png,FBG27
0ee02c55d6ed54f910d09917d3090fe117f190f6.png,3KSVF
0ef8d7b35134bd94b5fa258d51fc4f3560cdb6bc.png,MCDEE
0f0efe1f017caa31f61d021e81417504bae3d830.png,WAYOG
0f2b70fb2952f373a9ce78f884a5f7aabcf385b4.png,CC1WA
0f81073bc529672f04d0163b991f226c9a472a13.png,15NND
0f884790d81d0d08c7e92b6fff55657253e0d578.png,O5CP0
0fe6d80895399ad9435a392892af10dedd878ecb.png,SIDHM
101e9d1135f26594fe6d3c7b66da4c94e791000a.png,VKVU0
1063b58ecd3a5e7833cfda9f9926514c98d68582.png,GQCHW
1064269a2a539c250357c8aa1e476c0569473f82.png,NW4AB
106b6431ed4c4910ca1ab5264fc23cfdb5996f34.png,SM9Q2
1090c22212d594f299bb74270eeeb06904ce4cec.png,Y2QVO
1113bfacb3977c0b90b18233fdb5c36a54158704.png,2RW84
11e58d234c3b7a0b4a6265008428c4232ad07b91.png,11VH1
11ec11cdc95dfed6a323d5b2d50be42c0df19d8e.png,RN8JV
127c47243bea2cd661eabd4be6ceb4cc9c9011b7.png,3TRKK
12ab36c587ccf58d893b9d02871a000bb6f86908.png,D4Y7E
1310d29777b84d0e220c963cf6563024b56c2a32.png,S6401
131ddbee6badc38f948a6ca463006fc68a712f26.png,1FCKR
13843cfde21697397f9239e6b3681119301fd29c.png,IH18D
143a3ff05c8b1a7341b03da91ce5498a48b701f9.png,3XAGG
1532bba06b1c087fe03285c7803a335029598516.png,DIA5W
154c72f42066e627dd34007167ffe9092ac0c621.png,QTLEZ
15865ad1d43ce0e78878c00809fbbfa43e08b81d.png,1SOSM
15870e348c92a139779a82df3ff1c8bb2149f299.png,W1FOW
15b00d25145b0748d2542b122b0e1306ea149e50.png,XYR6I
1600486f5c7c7a047a813ea1c840c149142dae0a.png,XJFWJ
1618ae28cf00d9c02dfb4abb86e99974be12318f.png,EOD7C
16ce7e17bf93bd5bebb46f2efd212f23e4052adc.png,UIQ4V
1701712d42f1ccc7aead020739f4c991f577c04f.png,894K2
1708c26bd77bb3137d071ccfbdb6a62b8c4b1fb3.png,HFKX2
175c2ac5e3f538c4c261ed1615a31491675f87ec.png,ZI1DV
179a8a5e10c1c19a48021e7c6d3962a11f006eda.png,O91XE
17c2b0fc2638849153d3f7a0b887281d629f4b12.png,NN7BT
17cd6159139d0835cbda1f7bf4cd29247ef17b8f.png,9OMLU
1888b4246be296c8e654e0bf2457f153976df8b2.png,K6JQB
1895a604072f04ffb351fd7a4e079ba4a55e9355.png,E1F7U
1910f328ba12f7341ef378ad380dce38bc4bd7f4.png,1F7PH
193b6330c7939b52da8760a3d7c7a85b22b4487e.png,HUBBG
195b5e4f3a2b922c6c260777ba746419228324a3.png,FSQF9
1984b83f47375d33a0af43de12c50300de68cdb9.png,AF0P3
19c65cd74ae0f3661e6e51e36434f0e06b2ecfef.png,S93TS
19cff5850fe63d6b70079a11775ce4df57e4afcb.png,G7RN7
1a03f7c55c353ad9a549813abb3b6925e02cbc27.png,IEFNW
1a299d3c07c0f462e852162330dd18aa914038c9.png,8EIJE
1a31f2b1868516e98de09272d73dbda218a41da7.png,SHFDJ
1a9c410cab9484174d1807b948db13d50df1c1d2.png,S9PB0
1b41a02d0eab2d8a3a721eb7019debb85f605250.png,34NUC
1b669dc091c307b7a56f488a13c4dc45c9aa5725.png,V0LY5
1b8fe57603dbd300b0cf7e6476cdd966eb3ee07a.png,NQYL7
1bcb8ef4ee3fad85ed4ee7b494882c8392cbafef.png,FVPLR
1bd57c9b85aa8257e5129b640e1b267c193f59f7.png,RF22S
1bf2005bbcf278bbb0bdf3b290507283ee50c32c.png,1O0V7
1c2c67c0cf3480fe9bc66aabfbfa5bc41e14c541.png,DJ0LB
1cd1b3c2466f58b48a924dc264c2c1c321154fcb.png,HFDYV
1d95fa504c9cbd2b3e7a9ee9a71bc42bdae73382.png,YFXN9
1d9b349cb589dba68cecbc95db3a23ada2e8ed63.png,9BKRT
1e05127f311fea17cbcb8ef89abf28dc923674ce.png,S1YST
1e733935c8909027af615581e7e93c299a62846b.png,GX4O3
1eed7ba52c421e189258289dcc60f526d1340235.png,YA26H
200043160de2f1b444e4f696692bd6178af3e808.png,KKEWK
20060d3d601abe004d7a56c8128c5013cdc3a5c4.png,JTUCI
2079a68403ade75be96eda469c97138a5a8cb446.png,UJPIE
20a6d904c9370beecab7411d4fa0c83ffb1082e7.png,VW2TD
210677fb42c54d5de1de783f81441068810c1449.png,T2F6C
213fa9f7e71763ba7ad6edf792896353e770a26e.png,N745G
21c67b1e0e2c9cc92599291d3d929a36f8a6f9e1.png,LCC4H
22f854d772b9b0c6000e0a56525586f08394de3b.png,YC2FN
231be3dd4c37cd823b69ba65c45258ddb9152e72.png,NHMO4
2357fee0e8b8f738c2e15e067cc0d0d321dfecc3.png,69AD2
247787ecfb108a1b85a57417775e264057b3a1f8.png,L3CD3
24b15df567817ff2460ddc87dc64568f70396e3f.png,U9KUK
2534ba9f47429890d88ab18393c22682f881f293.png,X283F
254f3b32ed0cc918cdc0ac1220ce1adb15663242.png,2VD2S
2582e0c7b55db1c6aa2fcd6ed6d23fae20a2e5b0.png,UVX5C
258424ab7e2b118042bb02abe9042a103f66a274.png,KM98F
2592393ff4014ab49de51880929e1656be157fe8.png,157AV
2658620079c450422a76a8b203705e03a6981869.png,EQUV0
26feeabecd80265b83373b8d62a3ca4b0122866c.png,6UH9Z
2728a99675ef07cee92419266a6a5b0efeaff917.png,0F5Z3
279e40ee8db71d343a21f19504f7843e6a028c8d.png,S53BU
27c14b83133c6732777bba87639f1c1bbb81d54c.png,R86U0
2818b4081ce0c5991ea482e7f445c9f9f4e27ba5.png,6HGX7
28219b9b17150bb534414851b260797d81ca95d0.png,I476I
282384d33067b8901a1b0803b7c7c39870b5fea2.png,6OR7U
282d664ea6967034c21c0d1e545b94ff3372a6d2.png,OZSH7
28e2426c9e36e064da3743b5389ed32739751d39.png,UM2UC
290f6d9fdc1d35f4e1441cf4c7b38ee9b0b23902.png,1V3W7
2922867af31bca51b86a027d925738581249ca28.png,YJWQI
293e7c91327b45b86629d8037ee2d984b47687c6.png,PMZNH
2a39b7b6e9f002042573fd567f7bb61a2759e55c.png,NRAB3
2b110f5d2550bec1cfd609d7ca1a0dd29ace45ba.png,96DIO
2b17b2f27c0b64d63fc9f40e6459094278d582b5.png,WLO93
2b3057eb156852c459a2c112a3043f0858eac002.png,4BPLF
2b52ce016c96489480ff0969d9f2805b5d1ea9dd.png,Q0LD3
2bd620cb235b77292587a4a188f42e8ea87e9840.png,ZY1AQ
2be9ae5876cd32691c7f4bc57e01786529be9e46.png,RKT9Z
2bfdf624e5e1700732fb499a47b2283595ba0698.png,05Q0O
2c6f7dc119fb40e37e4f9b04929c71b891e6ced0.png,WET0R
2cc3504027c4b71f2a0af07a52901ccdc0f9b03d.png,R5DI3
2ce23e5011cc29356b5d96e59d0b2542ffc517a7.png,L9GT6
2d223b580ecfaf0529a4c19d064e8738212e5ab0.png,RNUUV
2d63697b5e6a2ee24078064da193495870747bcf.png,RIS12
2d8f3ee41d2c15052ea2fe48cf1ace2aa7d5d77a.png,5629R
2e08d52b49a2f3dcdc96f63427928f71e7818251.png,JRQ64
2e43e1c6e59224ab6e7ef0db69bd0e6395abec6a.png,SYSY1
2e73745033a57342a74d09a5c94ffbffd46c18ec.png,OC8U4
2efba1c63c2ae12a75d8701b582f29de14c475a9.png,VC1OW
2f9ba5524d7ed31fe1c7338461f1b73733b7dbf4.png,7CI22
30e9617b10d3ff59e562d808b9555a05e83bbdd9.png,N98PL
30f76bfc37e0d7f8255e8a0b571c1cdf7b70f7ba.png,5LLK3
31162b7a586638928b980fdca8e518f7639118d6.png,Q3SSH
31386d87cf385378f90465f1d9f5b297a3d46922.png,94412
317bb28a80d4dfb424602f09383cfcc73ed86976.png,AN6OJ
31ae11449a922f4b9981abc96059eb6b6c7889ce.png,O40N9
31e4ae36306be7bff4df88866a6067b7c1a81dac.png,Q912C
3220424aaa08a7588d5fa0faba0c49d8afe2fac5.png,6L0VP
324f039ba903294dbaaca1b44ac146de73bd18e7.png,CHKZH
32c31610b7ece2b3abe6c5faa2352bf6b82f59b1.png,1I277
332fb4999b293443d3f678cf10f748b7325ce725.png,5VGRI
3341ca10df5e57a7283a440bfcb9c4e7958d9345.png,9U01W
3342509335778957882d53a97fcfe68f25541512.png,9WM09
336ce1593eef0e468dc06c7043f0210d6f35b026.png,JZ5DR
3380260f5ebde874cb1d6bd3cd8b60fc545d0111.png,N59L7
33eec8b153dc4c1e7f5530d5346550f04c8fcf69.png,K21HM
3435c0d80bdf3c6d13a3d12742456a0d17a19e80.png,ZTCT4
34b334e00d49e77634b301c98c25b77257794d0b.png,ULZY4
35c2f74a3b5a713a5d302a5accc4b5575df647fa.png,9KC74
368e8f8bd4a97e9654832e8714c4f05caa144ad6.png,1P71T
3700d7d8ed8b2c11a51c5066a9f3ff8e43261af4.png,KMCCK
3700fa5d10b4ac1abf3a148e10b52bd6aefcdb45.png,53FYE
3720be251e2be549afc5eb3037ae71f430fa0b30.png,E67CH
3739b0d3c52128e48cd7c31002f1d41b9bed142f.png,4GYOL
37a1773d9437883694632651f5977eaa6aff3e6a.png,VN8I0
37b38ee5de2c23536b992ed0412303005b8be37c.png,45GQ0
384e2fc7216bb8f4121e22ec760f9ef6e7be8555.png,QAIVX
38c56bf42a1be715aec72d77825c4fa387fa9c46.png,YXYJC
3989117e4dfd30c0f58dfd41ece91a9423679108.png,ZPZMT
39ba5921871a2efa1908403e72fdd7e809b26508.png,FEIJQ
39bb32b3b6e9624fce214bdaea16c6a118d899a9.png,HJ5X6
3a0e3ffab4d859ed658257c2ff0d49dc66b4de8c.png,VG9VX
3a405bdd38d6e7ee8a119213da8d04e0cb594154.png,4GEMC
3a5e133c346ef7c1b2dc54bb3044ac157f946763.png,2PZLE
3aa77acdee45d48ba28c53f7cec154ad385d3587.png,SL8BW
3aef9d553f8f021205f895a670a1765f3cf909fd.png,HGTFQ
3b9bd397711f8efba5dba2103ccebbd230496803.png,QFCV3
3bc0b6f3add6001250044970fc546166520860ad.png,X40J1
3c2ef958bb553292ea868eea54360e192617271b.png,QEFD8
3ca3839fe89ed95d4990944842f991c21e489e28.png,8RK69
3d17317ec8f57f91f2c91620f2853ddd7a3c9075.png,X6FGD
3d243b3a7049616cff2bfa941a912a31c36de2f9.png,10CBI
3d2999deef1ad039b1d658c12a0e9c6ac728e04a.png,M9A6M
3d7b8c57c2b50316c5fbfdcf234b868586487669.png,EK413
3d87780775431bb09e31cffa272c8cee1ffb3ad8.png,TLLNM
3dc6c83dd621993b9872e7ca27d2f087f7091a23.png,Z8MZ7
3dfd3d00ba30c65bc77772a5c67bb76185692cdc.png,624M7
3dfe21730ced33c5df9559828146f6e3a854109e.png,FI61Y
3e939d82f1797ea2e601e0963f5ab318044ab770.png,XDGXF
3ea72c5afa4eda6633ea84ed77dbec5763e01a92.png,IX1IJ
3f6f32e04bab051adea4d8e2d3053ec5eb867fdb.png,884JM
4012b51778d30f2d93605524190e062f39a23bf6.png,Q63CG
40ccffdc98ee5dacdd00d17a5e8e4065d9380c1b.png,F9PPB
4105a1803fa6e3e048db7a46ec8510ad4db2fa6b.png,H7RLE
418d9f02ddb37c3ab12109ae723ef670c5b4eac5.png,3UNLB
41f9a5ba1c504e53e4eb4d347df98ccde2e7b893.png,ANPDT
42051e13ea7e0fee471f49a7f444afe3b5c0ba5c.png,H5XXT
42081fe5ebb8d59a0a62dddfe019dae10c2177f5.png,75G1P
421a7e6d585b08bc28770527ff2fa21c9fa30294.png,91VTC
426441969a4084986cae032bf8d1cdfaea6b24e9.png,ZIWV0
429743560e7e4e9281becb98792f9cebc618f65c.png,L50QM
42b159706ec4efed6f397e8a225605a8b310bce1.png,JNQ2M
42c6907e2dd3cfb2bb224ec717954215c2982f16.png,9GG6J
438ddd4f5015a7516146a71e018777998d22bcf6.png,I5U43
43dbd19a620dc7b45262543729beaa5be0f4197f.png,B9YSN
4434074bb9b826638c84aabe46ae264707487735.png,BNV1M
445573ea993dd09e9a7d2c57f02ea1e320310c37.png,MLKFW
447045d986afab2569ad5114e2d42181ca485f69.png,4J0N5
447870789b9fbbe935c2b6116a0e11895f1a13a6.png,QUMJV
44f8b1f430614533f8eac296f4f1659941e2eb8b.png,WTVTA
453fc4183c3991152a93e3bc660fe1c6e99eda52.png,7AYHH
45b833086a3163bb9c46fad1b927d8e8e07c9225.png,1IUEZ
45ee1c78b0a6ebaadd50432fa1e8cd64e48e980c.png,GC63F
461078c749c001185e963b13403f017301fc8189.png,X7V3O
4649fefadd8015b27bd77ad217babb11b3b9d3ee.png,1O90Z
465c7bb529c83ce813cf2b016b7cd3a597b066e2.png,2UR2G
472f49ac5a676890046cce28aa729e97485c6bf9.png,JNCYG
4799afaa3c2233921fdfcd1c475517dcb1acd017.png,AK4EV
47b1e065901c65f7c1d4f4253337a80bde18d902.png,JRQUY
47be651c5c2ab5b330dd650f071cddfb13430be5.png,1HD1S
480c96700a0fb78c930408a19e4941e3e7907e50.png,SZGF9
48131cc8786230a6b258975c47ba90182bc6e577.png,0XMYG
4818dd03dde33ef4d839453be99c5ddb358531c2.png,TJYDQ
490d60758d57fe0fa63595a771bfbea8d643a658.png,2PGPI
495545cf9dd25dc94c1992336e3b51b97e31f71d.png,P2WOF
49571aed2581341379162b2ea22ccccc0a995929.png,DFGSW
49696d049bb1e17f95f7fd74a1c74d1e1c4a68c6.png,RHSHW
49d2aee1d436df2d1bc478a5a1611da614db36ef.png,I86DX
49f8d9caeb6c6b63f9239d1b86ae114e98d403c8.png,KGOPF
49fb6f6447a9721237cb25d00ae1900f4928705c.png,AB2RG
4a5cef1f8d3c94fd1fc12d7b084e15c0ea6c4a61.png,7MR72
4a95b8ba09158716f2474a803744b6e8b52bc156.png,X9744
4acf25fd9163b3a1e7460cc03a7574a79e04c8db.png,JYIF5
4af9a1017e5536cfa0f6ae251fdbd546d1c57760.png,EMFTL
4b472987e0085152b83c7babb7add106dfbd5646.png,D7OG9
4b4af7647edd32e6d5da11a2e8e79ea44f48c28f.png,5RKHP
4c081071e069242be338aab02c7756c40062e8ec.png,GSEA1
4c0c314e7230cb92d52fc635f2e67eb64d7a2099.png,DD2FG
4cc96a25c06c28c1835d3547775718245b28630b.png,6AHKS
4dc01ad84b58416d97a238f562bb699961f7237b.png,ITOTR
4e216f325428fc5248734cb00372dc23afd01a50.png,L0JX0
4ea8ffd92cf43dba568db334f34e6f9bbb9e0c62.png,B3LMC
4ecea3abb37462d710e465e045c61d7c926df190.png,T5YX6
4f1419251c632211835a6758100096864bf260f0.png,ZLQGJ
4f49402396e253be8a2e240ca8da26b0a83ed309.png,4X3GL
4fc2fefc2aaa2e6362dd22440e55311277887169.png,T73R4
4fc8ed594c870ec090ef87bd9bf7ffff46b2a307.png,HGZPB
503f22ce4cf9e742aaadeac0a0324ebfd68aa546.png,X37Y4
509fa552a0eb53be49f61790388cd149eafff4f7.png,SH2Y8
50cc2717a06b7b987d53711d1df0046dc07fad38.png,U2U5C
50e84dc52e5a297e24c991e93b7c5e1b963268e6.png,1YJSR
51160f7cf51f178a0097ca07540ccb9963bda0b0.png,1SG78
51573b3328cbddd6f30f581f15fea77d6ed55797.png,N5IK8
51613ad7b0666ed47a7b5b43c0213b9e60ce8606.png,MFWOI
51c4119a54ffa8d1ae740e0cf36e45cb470d26f8.png,618XA
52318b4eddc7a8e938ae3c4a4e491fbd95c12395.png,NCWJX
5297763161dd7c4b04eff7f105457f63a2be8e86.png,FO6U1
52c6093697fb96370d5ecaaef3a5d00a36ecf09c.png,T0FAI
5304dc3c1eb1c981c199a0424bc1dc5880b25b6e.png,B70VE
532bacf12db3ab9ae469f79ed50c63f48e2e5042.png,UCQJ2
535c16200c0e5939b30b35bd707d2f9c64aa42b3.png,946NU
53ac5bf7b832567665b1e7cae353e022fbbab82c.png,KYHVQ
53d9bf6cbcd5c450dea8fd53ff7bb731191a2f6b.png,OXB6U
54214f79adf0b493816185c1c2b39769f775bfbe.png,90HDS
5456cd9c99eedb9c8d22761688064d27c89b8fb5.png,Y9HOK
54af008793f79e0c58ad54ec6de5baa990cd116d.png,90O4Z
54f2f72e11f104be96d8c8a0a28d1d2619504291.png,K4HU7
552e433cc5079bde693c69f3b1b19bc2299b08fe.png,NMYFS
557c8986bad4476a54a08e89f4686a4af15c82e8.png,CYNN0
55b6fc5e71625d56a18b3316e211c8f4b2dad59c.png,RP35Z
55e52458370c361d4b8193abefd080dc93c299df.png,HIKKZ
5617d95a9e7a366c72338ff202f06c619de3577d.png,LDXP0
56815b4016c0659e8ab883fef3c4221f1065de56.png,NSFEA
568cef9d620eadfcb3564a0adb939a067c07bae0.png,SYXIH
56d203cdf14d0e0bceb01fbcf9075a18f1cf5cf5.png,QMPOX
5724c55a2c79aeb9d889a5d544a0ede424830c06.png,NPU7R
574bccf88303aa15e7207636636f1d67ee3b7fd3.png,HMH0L
57b815b78529c115b98893393419f046641a37c8.png,HCUYG
57c0bde1a3b158a2a427693f8e078239b5fb04a7.png,XLZDR
57da318852e3809363efa3c066243d022b6be43a.png,3BV5B
580291121cbe7e7805caea13fd91105e24632d42.png,00PRZ
5841ac773e2bd7c5f06a13362f7500c43ebe0004.png,6AZF7
5860397b7099cb6692d0e2dfbd2c01bf888bef46.png,8YPA2
591f781fdbd2996a00fa5042b5294fe182960181.png,PN91I
5928c44728491a9d25562dc4ab9f79b084c8ec20.png,6Z5VX
59cb1c22c84b25670e8ab34477c2f2dd96be26f6.png,E5HI9
5a6b27516ca92666c3e49052173b7428d3f9c27d.png,37G19
5a840589cf626d7ae0e7ec394a7ec8bfbed93883.png,6KX1K
5af112e984e3db38d61a86d7e5618437dc0febc1.png,B1IHC
5afef08e2904105238c29d198a6a389265e27c04.png,V210T
5b249173481f787b4e3a57bad2c17f961f709274.png,30CXL
5b313c88255855edb0f803136c6285a4db97a70b.png,61VHY
5bdc309501d64f84d0afe20288ab54053dfe355a.png,1U6DS
5be58d97b76bb836ca72596dde6ea9ef50228280.png,M5W4Q
5be5938edaa7d461f353b31a17375f46b420b35c.png,MS5V8
5bf495a133e0c2a9181520181ff849942d390a82.png,GMX4H
5c0898d8a85c2c180534923c339236dd67b92068.png,66IYM
5c7347ea589259e74cd0426fef90617003e040e0.png,XXM70
5cb4558f7d76a789b7a7914b37bdad89d9294d4c.png,ZYX9S
5d7b344cd950e45c6e1158940dcf4b8ff35ea2e0.png,DP0P7
5d8b1ad1c0af652243c7078c5d0a3e243570b4b1.png,QPP6N
5d9b43e37fa4d149c6376b529ea3bf13f9fa1c42.png,OTEL5
5e80e52cc6dc273203122d6c180462be21a6b1bb.png,6L54H
5f6797ace3f02251e278644f3680666ac5bac01f.png,JBTYW
5fb54033cc3052772e3717ff854b3fce31b5a2db.png,YCYPC
5fd0d8ffeb4a9054e6c3f8cfd6e34f85f57a5e00.png,6MIG4
5ff3cfda76f5ef0a00bcf484c3e3c59948e6bee1.png,JJ34C
6003682e2a65476dd5aaa12058fa4098fa9793c9.png,AXTB7
60b58e44fab70f1e002c99d825358528ee150f91.png,PBVV8
60f7c20f0b0caae5af42ee46e93e3529f8f21191.png,J6GHN
614ed6b9c22dd47d848d06a6f7ec631ecbc7303d.png,WSB6K
618c928e3b4f208456c51c9124fe5f92fc154da5.png,HOJHG
618d8f23165813ed9c8c47793cf1548d8d432144.png,L70VP
61adbeb283f6b8375916f8da5504d76a700545ab.png,QFVMO
61f8f13a03f154d5690457eb548db745947b21c2.png,FRU3B
62bede12dc96b00184671c18f89ba2dc4d8a14d9.png,2SQNC
62d5f24ddb40bdf510222e08c8e8e02c2a0b4bfe.png,NBV72
63acb5bdc84067a77a046701682620fcb06a87e8.png,4DVU9
63efbfe86e1cbb07302fa98dcc80425a0ea93e2c.png,NZE5B
642864110afc09368058554a250826cbf59be188.png,R723R
644520abe860a7bb674e8389cb0b74e7c681a8b9.png,ADD4X
6452d711c28d30797481b41faea9ef381cae4517.png,5AOK9
64cdcf8c22d011568e0fd5a49f7f7b640782d86d.png,9OPMZ
6507caf9d33a8ab0aca0c4e098f031fc30f701c4.png,FWAXS
653f373cf3d9616414e922966b3d10d1b3da2f63.png,PE68C
654e31ed4f2a1d054c23a244d662629eba1ed66d.png,39S8Y
65e3cd92f036b12d8b12089784bf64dd313979b9.png,JVPE2
66eabae7958dca564bf69b2545432bbb1403b6a0.png,XCCAM
67056315013ddf8cacb2023fe2b5990db1e0a090.png,7POHI
672a9f9eb1e8fa60c7ba644d438766c1eabb1cf1.png,XFX80
68061c94a0b73b4768f51e84ade625b4094f6eb1.png,92JC0
68136cd9c17505a3d7f46fc744d1bf8206875e29.png,B8427
688b41dd2a464022c66b22d0b72c4a1115278bea.png,BN8GD
68c2717d8704d05d0fd78adda3e1019e984aabed.png,YW0S7
68e45056fbd6e8d1b48d2a8a9baa9f13df87bbdf.png,FZJYW
6907dbc99f97855d37ccfd4121aa29b04a1e021a.png,DMQK0
690b93bd0a065ac55cf2966907ede6fc059fbeb7.png,ITVKO
692f75b458282926d55f7eb36679d506ec055cba.png,QREZP
694c6c021a20f014c1b7812b9050827bb7e46406.png,DZ0SK
698f9871c8c9c5dfb57c99edcf9e8907e09e526c.png,8YNGD
6a46f9b26eb89f77741b1e0fa69aa144ba4bb54f.png,C7XQJ
6ae7a62c82ccdf8e1aa034109d6e5358b01f4427.png,RPM4F
6af7c75155634dac332a281fa7abaa112193598b.png,ZXN3X
6b0d4f753eceecd675ec7ab32411a7a173d76332.png,G538W
6b2f4967beb4f98debf753a282ebbf45a3b33ba6.png,PC6RR
6b72982b25cb2336238e7f72ec1846d176ac2aa9.png,R1QTP
6b851a857ee520a62121517e2c0a46f9254626f4.png,Z8SQV
6bb495053c9cb67ba18b7fc49eb4e13bcb990399.png,XMRCK
6c1786500d4aef139b4b8ee45f877ea5b9b3063e.png,UNV7E
6c28190177aec5b319b2ad0fc724321cb4d526ac.png,1W0BF
6c7e62b14fd37df8003b1acc9648888bd640828e.png,DUL3F
6d210ae02e62b8a762f34ebcab2e7c845e685fe2.png,9P05H
6d3956a963924cba787beb08aa043997a28402d9.png,5T0MU
6d4e3054d96a3eff8f31d4a1a97c496843e7dc91.png,1CBUC
6d568c0a5f27e601da99e867a293aa4cfceb7c43.png,BKVTT
6d5e7d1a8686fbda56714f43563bc99316c15d13.png,QNHTG
6dc080c217c6b44e57a2f26dc8bea5d60f42cbff.png,VINOL
6e2fa7d542f4a2e3418954eab4eff447eb468e12.png,CW6O7
6e400fa4328b42f4faeccac199598d69a8beaeb3.png,J3XZC
6e4739a3008dccc70ed919382fbc93de065dbc94.png,3Z8GI
6ea65bcfddc7ccb8910304341478bba2bbcfec7f.png,PIXBB
6edb86d15b5c0f2a45284b69d1979f127b21f0d3.png,G2BX0
6ef2773ad31401f7e0309bea88d8cd24054fe057.png,D0VIR
6f3203ce81ec5d9ea5b65c4f08ab5f9235eb95d2.png,NG1UR
6fc2579698297cd605c8f01c51351e306f5882db.png,TP3C1
6fe9401e8cc990d4bf03c9a98b45127d8578b1e9.png,WH6U7
6fea3169f637971ed50b8d8f275caef84be564c5.png,QQ3CA
703b6264f3e6400150d5144b596b1f8c9bbb8002.png,2DSV8
7061c332c50286ea283e8564ded14fb5b1053888.png,6C53T
708fd33d607ec92e6ce045593fea8c691512d471.png,L2NU5
70fd63bec581c7c2b6097385d6b16bbe8377d649.png,YY5JP
7106916f8f611ea257b5f8b7685d42c20592e6e0.png,BLBTO
7140f702e2918301f1a0b53078df05d891196967.png,G35WS
7147072ff279d2aaf8d28f10a9d8cea0d5c22163.png,8V6RM
71a91b806e9670c721942bfd2374980b45a9f362.png,L82RA
72183d532658b47b6801dc8d8964950dbca85699.png,3GCBH
726180a21ab90c336f86f9cd38950b23535fd033.png,PIC03
7278d4d16c08ddb6f803d8b7c7e335b95eb89468.png,9DCBZ
729fe93958a4fb1c67e2dbcf2f89a35895cfc2b0.png,9FHRX
7330d6439b2cea85bb9147bb636f207d99589fb7.png,J2368
734b4fd1bb0f579bef46e89d52e2f73665101202.png,WJ6IT
7394b6c7552ce3b0821e090bff7948d2a58944d2.png,95M4J
73b79c7f1279fd3c66866925718dd22d30ff92ad.png,L6GC0
741992de73bd3dc4880a55677bb0149ec1fd6fd0.png,G0V76
742f6adfa1d5b3a84fda77bc615995ece8cae100.png,AM19P
7458358c6b9941fe606a24e3a1c61666893f719e.png,FDOTP
74f2f6096981949d32c957cd987a28007bc01e56.png,F07IW
75adc764c8ad0596555c177b48ab72317dbb7c38.png,HRVGR
75b126bae80987907a5a802c5cb6e1ea98e9b621.png,A9V7B
75ca8974360b6429c072385e0e105352ebf27f60.png,6EC2E
75f874804178bd67c687adf72fa18deca34091ed.png,JO28C
75fe668b3b918c60064a766937a3573a5804b139.png,BGDZ6
7605c013c91cf9a3f40cdcf4da9689016aefc092.png,J009C
764f64828ac37b19342ffadfbf3cb73c12c7b4ba.png,XAO4K
76ef2b4e74855228870529ad074496770efcf6b0.png,WK32C
77129513394d03c00c61207dc43dc64bf9e708d7.png,4PEB6
773a387bc45971d0b4884f6ee26967db00360be4.png,JNNBM
776f385013010ba75bff180d445ba7354dcb519c.png,5DGMK
77b471ee97e2a5f9910c1289704a1dbd93f4212f.png,N4O9C
77de51445c1fec8e6fdcd9bb01e1e8a2d6a4b090.png,HP37V
77ebc4282739e91acdc3cc33b10a1dfcb21286d4.png,20GC0
78093d21b3ed17451aa12d5bdd4914351c00104d.png,F1E2W
7849899c867816b0a10194c020e9fdf6035ae20c.png,1VWO2
786254b963b06b375a1d5b5c9d4bd98cd5afb890.png,9FC1J
78854b8ad72a8f033636b05ce5148dc7d6601ef8.png,RQI25
78b563d7f47c88d1a47f66be506b0b78f0adf751.png,JEVF3
78bdadab150e812751dda2e0ed6ab3bd4623df14.png,07KBW
79534c46a1a770aa9c01911380084c7c75f91488.png,RCV40
796652e3b8f17d9376e668e23c3aed427422beb3.png,4PLI9
79a027f941cc39e6fb570a1efef5e2124151283f.png,NJDC7
79fb079d9bf6c4cfcd3167dfd3f4d9ad1c952402.png,2LBX2
7a225cd442e61fd8ba984d231b1167db9a996cf6.png,8VI3K
7afcf0826b4d8dbd9eb69c6b936070350baf9479.png,XGRJ1
7b0655661a01b0267dd4156f8b68dd234218b347.png,XREQK
7b6abdff9593576afb9c13aad72b8e918210f82a.png,39VVA
7b92319424a8fbd7c6b608825c385327bb3fbaca.png,EVGU4
7bf979c109d608d6f09dfda5a311f24d0f449031.png,XPH7N
7c0337d435c38562fb6d119608a8b27e7d5cf1ce.png,WTE3J
7c09ffe604dc7daebd21ab9d82f83b69a56f0ef8.png,533A6
7c902e1f68ae3300f5c2e4ac1e57a2adfcd6dc6c.png,R58UW
7cab124d3c007dea72e12ac44aa14e24b62be66d.png,WFDRJ
7cb43b184cc594bd8fa172b5a03225bc8396ba28.png,PJIPV
7ce2c8850dedbbdf6a26c70f5bc50d15ef96cec4.png,5T0AA
7ce5e6d2e3fcf9d0605412448c6c28b074ad1287.png,U2WYE
7cf202e9cb9da6632637e67b53b9e9421e36f660.png,MW7QI
7d4a414964c035cf3c6e7b71e732f3135bf7cf1b.png,9W1PJ
7d6e66b8d0e9547aee7136dc618bceac789d96c1.png,OU5VR
7d98e1540f332e0d34b8ae2ee252e0c4862a7819.png,1EKSH
7dbddc2f786b75a5360f351ca817a93999ef0936.png,NK94L
7dd2b3445ce8d695aa1da2c7d72bb51680636ba0.png,EKCLR
7e0da4e46d6be80066948e1b3159966187127462.png,WDX1Q
7e730f68e82bf1cc566997d36376b8943dbe46b4.png,0C463
7e7d6e456737e29d6de2b33a00478d55f13aed4d.png,Y2761
7eb6187ed50932a4d60d0bb6526b62e6c73fdcaa.png,69KKI
7ed13c066d0514fb6d35705dff797fe1e4c809ae.png,NAMT9
7ee4bd687128c9cd1768195659166434c68d09fe.png,V4SOJ
7efd25925a6bf1e01806169fba136455fb192c0d.png,HXYE0
7f5ef4bacce78844fd6ab43a30fd9a14a66bbaa0.png,CH16H
7fd5438c6d7183bcdf84aa49ce4a14abf977246f.png,TWAR7
800d295787bb6aa701fcc4acc8b5c2db8ef920b8.png,UP4G5
801fd6ca48f49349f45868ae2823aecdbd06d950.png,ZTGYE
80827704509c26ebbf04f6569c0cb1c2fb513ecf.png,0U020
80b6ab1baf85a54d8f8c680a48d3ec605b1636ed.png,TZSQ2
81210023128c15c67d959b665e7144f9f2ecf37c.png,EE32H
813e867b08d683cd6e20638be72bef7eb06d257b.png,EE7WU
81cfa1bb326e8ed607f1d147b36ef21c0454d7f2.png,WW17L
81dc1198014f2766db1d6057d04c0b9a81f0f202.png,EXROD
82324daa176d5b1fbd89f36bf774a82d2847eb6a.png,GR2EO
825e6136b13cf54e3bc91dbd6a3d8d387f827ff6.png,KUVZA
82a5398286fed45eeadf75debc71a8e5053b1367.png,VA523
8329eec24a9b9a67514a4cbd79f70d084503bbff.png,4ZHKR
8362e86b1cf46a7386298ca3292f40f0b094272a.png,C5MAE
83a75c3cc80fd7cd6d43a4dd348b3504400d16f5.png,5D7U2
83d8999606b0846615f529abcf7b22afc8abbe2e.png,1DMHB
8406a563525bfa5435e813723beb20ca91e0f983.png,IXSF3
842df27787a6e418532dcb7f4452557c067ca7f6.png,ZR78J
84ebb5228071b6d2399f81d74a424fd5fac4dffb.png,592E8
859cc4e1ac24b20474f2661935c6ea1e04fad673.png,8E8KG
85d06068ad0ff879190a5a4978cd56f1bc5bf31d.png,2232V
85d30f145ff7a619f348da32e615eaba7cd96666.png,YD4HC
85f87d8795fc300f8fb05a0f258509466f2fe75b.png,1OSF2
86162a038f9e5de945daa94cc0357a184d07a256.png,3HYQP
8620a66cc7b2abf3b1a22fdb77cf166aa443ed2f.png,P0N3B
86beffeca2c4c52a45468f80a96df367011d8728.png,13MAR
86c46396ce113ae38253f98367a0db3eed531167.png,COB81
86c772723bfcb3a7742cc7002ec7bbff9566ec2b.png,E8IGO
87139d7ab28841e19c046a33c8bcdfdd0ab5c94c.png,OJFCN
872f22846a79a1fa8cbcaea8b67cd7891ee4eeae.png,75FCN
878d7468e7b6b5dc7102236b63b87453c63aebac.png,9SY4H
87f42a4da7d33de6cbb9ccd811e74442a46a13cb.png,4T11M
882525674d280b6ce7b178bed9784fa075dd5dc2.png,2VFZ8
88252abb194af6891ea440d09e4a2ed7f235f444.png,JJUJT
8840955341104b315bbb4d8151d6c019513de87b.png,Q0TRQ
8869dfe69b5bd76f9a95b5ce4cb978855e93d370.png,2G85Z
89d0453eb95f1a2c449511f9535bb0af6f72ae32.png,I300X
89e13a5f16e1bacbc9577e97b3bcbcd8366f9849.png,UY4DX
8a1af8113c8189fa031b37b05ca760ecd3f1417a.png,K7G6D
8a2527a214e1cb25df18c4e28adfd03d8a56fb09.png,B4UJH
8a369eecca00ace09c0f84607be44a03328dabc1.png,EUJ8M
8a49f1b8d38702e0478972a0bb173de9d23deffd.png,O1Y0W
8a9dd2b841ee7f7dd44a60da786d21d1d1b1a389.png,N5E24
8a9f3b54fc14698c0ca90a608b4ce63184f72857.png,DZ57Z
8b216ec072210890ebeb929e2f7c4f6e61bd072d.png,1CP6Z
8ba78bd49e988a7a72235ef6bf23877aa3d6f3d1.png,UCKKM
8c33ccd3a2c3b928b420587ae6d549d54a2735a4.png,BP2RI
8c5b742e7712d033836a3163cd0bff40994cef12.png,L94A6
8cdeae4d65bdf133a0ebe7d289df36254ca55b51.png,U35TP
8d89aa8e15ac7fbc91d79bc1b7e1e1b120bd5756.png,1KKG4
8d9c42e1a5b81e61c9a7c897bc445ece7f016b48.png,HPDDU
8dd9946b799b6f6e0fb6ce7f2a69c0af43c8d054.png,6I2NN
8dfa4ecd8f3b90525ec21882e095e59912244a53.png,B0OLJ
8e1527986d83d11c58d9a5d23ff0f913143e9140.png,EV5LP
8e3dc636efbca40e30078155e22b9efe2bfb44a1.png,PCPB2
8e51b55be98b841d1654b9eb5dc7bee4174fe465.png,9LSC3
8e7a54caf13c6f8cad740926a0360e26eecc03ac.png,WB58H
8ec61a5c93df4645804a025c462ce9fac3dadf9a.png,WLRMG
8f10ed0568b7805ddfe7a1979d3e297c695b0229.png,X4A1U
8f712bed2e10830b5067ffa6449f352e021dfcf2.png,9XU2Q
907638eca0677a6fd34bd267ff556d0c03255b3b.png,IOE1J
9089e209249a6e63a745101908b598463d2c2369.png,0IN3X
90e23188d24aa6459e7b001f50524f0b4da4f3b1.png,7M408
91167dfb3878c1ac82a4ce6e83d1d22bc8890bbc.png,JLGM4
9143fe5a39f89ffa3ddbde33afda8165428d59f8.png,YK88O
914e0389ff499406b9f7fa5f86f5fb4a2213b3d3.png,IVQWH
917772100f100ebff5ac0e949427af31a2344e69.png,2FV0U
9253937a2c9800942ecb61b16990a887be88c152.png,25F6W
9291303bb1599229033286c5c8167bdae003af48.png,UZ8EN
92ab095a62f5695d4ec673310dac66e037403e52.png,FY0TO
92c5d561e10a289da7eb61b8dba3dfeb3e8a898c.png,CK2X1
93089a602c0dec352f9a84a17abfce7442612dce.png,LYHX1
9321de9e87426b96504f8e984637170611659fdf.png,0F6UW
939beda088fad2fa93d75fd64f14f8483076f928.png,FTVI5
93fdd085f59545f58d2fd8c159ff5a1a1398a89b.png,L1MBY
945075dee069f3b8e6fa4f2563674fc8797d51a5.png,8LI08
945d65d6d9d2b0eda2d6f2c9df158f9c620b994c.png,5JS22
94699418f0b54ac9993dfaeee2bc2b07ecb11335.png,AXB7H
94b9929cef9e0d48f04ff214318928066cb5228a.png,3YPL0
94da2b2609cdaf56e541c803a5698fef696b1050.png,1APFC
94ff0a0ced6c80c1207c569d4ac7051c1452d092.png,N6619
957edd479f41ef871193250cb8fd75f72839a430.png,B0890
95d58ecdd63bfef85e74769dd3e8630afd190fa4.png,RQ7WX
9632246c4e740ca7da8c65b2b443541cb3c0f8e7.png,NH11H
964672ac49ae0a8c0cd77cc813048b0761379d09.png,V850K
96844fbe3e16193d728edd53b5adadc885559046.png,J5W71
96a5540c29c49f6d62034e04def42da87131630b.png,9WIY0
96bf74cb29cdae4dff3059f2c9688c31a832ce1a.png,S5FQR
972e81c288d74956e06c10da8aeb8122ee90ce71.png,PB3R3
97b98c8c91290f49d7c8205b1aa00bf01a61a8bf.png,E2AM6
97bc6c1b9e1addff8cbb27983f844e33491b30b7.png,6TV8I
98135832b77b2704392459168e6b8bebc95ff0aa.png,7YRBA
981df3e5a67741418eeeb20deff8d1743f3bce50.png,WUALV
982fa69c6fd2e8501475612b22306189f45071c9.png,HQBG8
9858b8165c124d7cd557c0ba7ae52b08405070f5.png,D6RP5
98796108425125fd10f0769fbd5b1fa19a4eac4d.png,9FPBQ
98b04eeb27e63be3da3c5f9aba8f9677e7a8a4d8.png,KEIMJ
98ca32d9518d21123fb1b2c6822e50f17a9b578a.png,MLSKI
99438047d374f4a433fc54e9a3201db6bad51c1e.png,HICNA
99ae5aec7c385a5e6a04807d51ac701842e0e625.png,YKDPM
99cc4e8d721acec042561b710c8183fc0c411a34.png,Q7MIJ
9a4213ef6c84cef9091c375f85c7ab4181c55a0c.png,CTX3B
9a523f4def645d8c87d2bec01210db70db003efd.png,6SO4A
9a6966fa03d7382dc7370d4cd79dbf6f9d48ba38.png,EVMWD
9a72473a90bd4abe492d79454aa5e29e542e78d0.png,VSZUN
9aee73f5ebc4be03191f8720039e4d81e1a0515e.png,DNAQ0
9af122884ef43d1bf183c41484cb53f0eff18b59.png,PWD1E
9b13129ec17a7a6161dc4092b697f9a50332ae04.png,F6MJJ
9b24a3380fd6502195afd4f161b7ea690488ef7c.png,B7X5D
9b3f525282926704b9b41b167ff7ff41133ccef9.png,X55QA
9b6da16b01b4cfd8dee2a337a989daf9e344b132.png,DA4D1
9b82b7d1db56b14ba1c20bf9c9cffa4fdf75aab8.png,WGKMI
9ba006ff90df88be3b97e97d0aea25c20997364b.png,XLM4F
9bbe6eead7466eb4cc5215c7645140bb2f69b165.png,QB512
9bcd52cc7f9ffc27fc18fe67043deddbeadfe914.png,P0WW6
9bce5aa80bf1b221a9db1d0a7590e74c85f496bd.png,6T8FQ
9bd572bd7a66b78cf02b6b9b186c137da3a42d94.png,S3B4D
9cbabbdd3b2771783ab1c10a99f08aba3f0d411b.png,WRI51
9d2358fdc4e1199ec6c339331df2d7a877160cd4.png,IBKL0
9d28b37749f6b67f5d3177fda35fe8a449f3554a.png,RXQX2
9d2be4e64bf0efc7d85ae1712707323bc9581529.png,C8NQQ
9d5b4b24746f097a6b8696ca7de35c67e42586db.png,69942
9d617153658d17b4ef43e4e1d772f54289d35707.png,HWTWU
9da8453f2c699e8a724d2faeab8f19cf75e82eee.png,1ARAK
9dbc12b459858fe8e79b2866d5a8698a44705336.png,0OB09
9de53d403b729978b0cfe7c5ca7ab136370fef23.png,5PAS4
9e152e935714d0603ace2f42ad1711470ed8b8fb.png,MXVO7
9e25cbc7080c8534e695a7008a48953ef979eb60.png,6QWPY
9e476ea166e1ae0a3a4efc94089fad342757ce6c.png,07AHN
9e7baa6a364b12df59a4698bd46ef66e9e25da78.png,LAE8W
9f63407a8961893e78fa8e9f226808247f5d2ea8.png,EDEKV
9fac771bfbb2483d064cb8ddb523351a0ab6e4f3.png,A3WXM
9fefc02b48da16a4362a4716576fa4cd0ed67d95.png,ZARF6
a016d14b9cf31b0aa28ac1ce2419b6bf1dec91c6.png,XNVZ2
a03c354585ddfb74c539223419f73451f41c0379.png,OB9E0
a03cb41fbe78a76d17a8e1abe5c984122f8f91b6.png,U5RXG
a0ec3ef4953d2f6d9f937b4b7ac8383b798557e8.png,L7T11
a12708b0e75b0dcc409d6a4bb2dcbb109c0ec6ae.png,210I2
a129c1d1a45835e2c7def2f786eed11d954a30a6.png,I22YY
a14004e725a3ea96b9c105105303a31ab93db6e5.png,1OHIP
a1b336775e09a1f93bc2cdc36b416502bd84086f.png,FNARH
a1d25ee0c19640ad6dbe86685f0ad7be10be20b4.png,T6UVG
a1e33ee06428f876ab7a3af43d61ac66d778a5b8.png,Y4HGF
a202885ad9df439d27b44db71a758894b8ccaa7d.png,2DU9I
a27f1b5f31d571056b0504981eb0725d114f2fd6.png,28U4H
a2a52d5ab5e4b6b20a5601419d27cd9bb7c14724.png,RSA9M
a2b96c5db1b5c582a46e2d3623498ffad996ae59.png,O61GA
a34b2b5278ed4226208c4616a47cf049d64207aa.png,K5CNQ
a372816867401f204c8e7af00bf0a71fa368a95b.png,8C8X2
a3c36cdf6a7b0a20e78edec81c9c56b2d71381cb.png,K3R6G
a43e02d672411d9013d45e3659e03471d37eec0f.png,9GU2O
a44991f586c848ccf0f9370871e84cb91bfc061a.png,BU3EV
a44c849d287d85c96531851cdd040bf2b22a6202.png,ZXU0Y
a484481bcc21b89452d188771b8201af703f0280.png,5VDUR
a4bd910a99aba5ef91ad3d967a7a9e899b65302d.png,955FF
a57ae281945f7e4902eec7a64ffd521115fcfa00.png,14KKZ
a593d9b8ac8ede4f94b9c64c8a1eaceb0416fec0.png,YYFYL
a5e425d770033ff452e91258999ef2b5bc87b7c5.png,I95IE
a626a903384ac3ed3e8eb8193742e3e135004d26.png,NSKFK
a634a8e5cdaeac346170a7d132227f7bb34406e5.png,GBOKP
a6a0d023f9e6b64b794ad9b606acaa0446a5a53a.png,NRM47
a6e03f109aa18e13e498bbe78a131264d5087677.png,VL009
a7018852f0f9d9388dc96a6b94e961c1dd7adde9.png,P1OLT
a77a57a9ec222b9f423cf0158ead338058053a3d.png,0XP7T
a7baf375661834f5983f26ab5bfaa05afa0d25dc.png,Z4H4Y
a81010976c18ad7e1453bd0563a8f4cd037cb23c.png,2H8DH
a84bcc78c00d64e13964cda3b148e840ec98dd49.png,ZJV63
a8576370caf9414d6e40ce130fd68fbc6ac69403.png,LRQTF
a92bbcc67d3023f836542aba05bed41d1fee54c5.png,4RQXK
a96f0b9e61496967b05b8496ebe53d62fb91e4d4.png,37G3Y
aa3e8c40215c23bffe6aca358087b0249e3c73a5.png,PTUVQ
aa5986b512e7c50ed908c5865c486006a310613a.png,71UAY
aaab5ffbf92b37fcad2be762d1d2d88303b8fd0a.png,436JN
ab14717865defdea76dda47dabaf1eeabbc53fc0.png,3CYMR
ab3720c515e43d98cdf45a060c29b30a94a63f24.png,VZ4VJ
ab43066d2de25d57059239ec42c9067a82e68d7f.png,0OCRA
ab528e6d8f82eace5b1207b9caa623c073745007.png,BCK7I
abaa377cc56da2a6cf1069a84a6694f0d882394b.png,BHLM7
abe68baa9b30973da41e92b5cad953c4e09c59e0.png,C82AK
abff7fb9b2ea5739a704cb497898bb92155b6efa.png,0L09P
ac75f057e303e0050292014df49affe427b7ad2b.png,IUU29
ac9679d12f2cb9fd4316e3f4d87e522d3e1e4d72.png,YVWOP
acb93cc558f329969f1f0cc171dd13c0a741fa0f.png,B49AI
acfc1cab930e982d539592d6bc5db7b10d7f01d0.png,VICGE
ad41bcea48a2a8cf513ba7651bbf888c592f8bba.png,DKWDY
ad81bc50338e19818f66704cecd14aeabdcc969a.png,HUYC6
ae15b5115b740897c0edf63264d278d99ef5efb2.png,DPFSG
ae6bf41e784e7eb33ddf028a7d32c30d1ab8cb68.png,JNOS2
ae8475a8d3b5ce0e5493f421767ee32ce64649e2.png,L7S9H
ae905f24f1372018978076dc157d19740d590253.png,DNAI9
aeaa570470c14a9a79d914c7ffb49bb6ddba3156.png,F5KWS
aee64f7709fe430be7155fe856adc4e0fe2c881d.png,4OAP7
af38949d0665670ba57a71fb8e93dd7898a0d8ef.png,S0TA4
af47b959ec5f1b4ef877ee8d1235056c47bb9281.png,LU7ZT
af72552b7ffc6d0fca174ed9547c7e3ded7ed92b.png,JHXNX
af83668388679ca611b98431a91e67c7c7fd1099.png,GUZRU
afb1b8a3a9f9b6f93054e75841c3e1b0b8715ed5.png,KL8IS
afc278294c386d0976f0990a9d5d0c73abc0f3ca.png,V85K6
b006338f74cda8edebaaf939451a4481f76f26d7.png,J4UGV
b04794abf0ce312e3acf42b415f03bb4f04704fc.png,Z70UH
b0612a8222880bc36352ad04eea3351d925e42cd.png,WNB8W
b0ce1813c7f146d607ea24b67ad5a3f7ed2c80de.png,YWF1A
b114d7a63402d3c93a771d3d7c8afd693d371086.png,6QUQT
b138ebca108ac03e16eb8cda55002677f43dac41.png,H4493
b1b937883a41d28b9e1cd61379db0c4870161221.png,NSCPX
b21fe9964ef6a84b90d7c9bc9747cffdb2477d8d.png,WDNF8
b24bae439f9f743ebf1afe7d713cffd85e61240a.png,ZX4BD
b27a0a91ccc144239667ec58ecd93a203f2426f0.png,DIWK5
b2b9b84b729e4a3e9ab933313177ef7e1724febf.png,5O6C8
b2bdcf8f668acf84f2f128769f50caf6fbd2f51e.png,XGTOD
b2e2eb96e978cceec92a9d490d7df9206357adb5.png,XYKN9
b369ac15d6371c341e277e54bc8b0b4020ec34a0.png,9FV0K
b3749f7057dd8d5249da2343ce5cf3724ea20621.png,JHG3U
b40d271d32973bdab68b4f2510f5523d50c1e1f7.png,4CGT6
b41cccecc1c8e27c1c30ce8df8c65fb9b7dd9d85.png,HK6KT
b4897f2aba34391178b6cf9272d2cc2a4d5e40e5.png,QL5RA
b4950d2fb805d1491fd80470954df12b53077641.png,MO2T6
b4c6d843d3a6bd26643d37b4607ca18814abf1a8.png,2PBK8
b4d6ad7b29d65f5066360d27dd01c8d946255320.png,EH4L7
b4eb31709b9e64be02ead84bcf68f9b20fcf63d1.png,VJ4H9
b502a9ed2d1d31a1328ac2b8fe448f4a9a2ebe4a.png,OSMA1
b5192445b7cf70dfb9a95be3c34a30733034c513.png,75B3R
b528882167ed305e00d7803776a6e67cfe3537c8.png,7UE0H
b537d3c856c266575e4ba7fe6bdd76c3d5622c0b.png,AAGVT
b55510ed67dacda0bb16821cc94c87b94732c7bb.png,KC78E
b571f848a9aa6afac4fca0c913bbcb40340136cf.png,KS1MO
b5970b02178f179c2bf033636467faa1234e50da.png,XYEH7
b5a1b205e35d2f52cad2e16094f9a08be255aa2f.png,PGHF7
b5ac5ad285e6d0302abdd30c76fc7e748315dac0.png,GFODS
b6c9cb1f451fcd177776dbdc369f802fbc3c4465.png,79G2M
b71adc78e2eaf6c049a1c98759ec183545f560f0.png,5WRE2
b750e0eecdb024a145c8e69e574bbf3d65dc0825.png,OGREK
b7e52742e0d9f8b10b97caf7e7646d3bcb3e72c4.png,DIWFM
b832bceca4fdf864393001d68f7be23eefed51e1.png,J5LJT
b846bf36a4370786f27abb4a5040baed469fb82c.png,LPWTQ
b84d8efa433298128362d454c446ba73236efa08.png,YS3CR
b8950932d23594b6450b3a35273979ff10d6bbba.png,3CLOM
b8cd1bdeb8e8568136fcb10302302e72426c8fea.png,T1NBN
b96948665d7c51c620344fb51af84b8bb2560ebf.png,Z0K7U
b99b90e065f11e37cffa939710a8e5a5aea32336.png,8JVQP
b9c0b3dd8130473abd1cb7d5854bef2203d1cf24.png,6TNGE
ba3062f851cdd68be67f809866bc3d16e95b4d23.png,9WVUR
ba3c82e0c80c6d5860f05321a5165b9589c7ff8d.png,E863L
ba558edf29e21fe52d8b64b8d7a07d985c6dd9e5.png,TV0T0
ba642c41d8219a2db36ffce8da9cdbe11cfed786.png,PWQH1
ba82bed2c5cdc7328fb1191376d46460e704a92d.png,FUF6L
ba98b97c2af22f504c623e437536c3c34bd8371a.png,RA6W3
bb05e5d2239f64e8916c912a10d22793a286b912.png,5Q80T
bb168f1eaf76c5ee819e30b83b829ec63706a1d3.png,XT9H7
bb51cce99f6aaaa0cca6deffb99ba64b4f808fc6.png,L9TIA
bb6c46f4c0845052785ad67eb00c18296f220c60.png,4X0SU
bc120d4a4ab0cb8bc3a486cc6c66a0bc277fc170.png,9QPOS
bccce92cf60d39138609c15f0a4f7a38f4ba321c.png,YT273
bd064a0b29cf91194c8cadd5b8dedb27a889781b.png,JAC4Q
bd406a6b76b38b4c718e4c8000aaf5e1f8605ac5.png,AC1GX
bd4a83e4bd6632aedf77e0e94c7390a645220572.png,JGMMT
bd673519de20465bc148f3a6a0ef3743c9cdc04e.png,HUDIA
bda4cc7239d693dc956d6c597ddcd3ebcda6d70f.png,BTUI1
bddefd9281725ec680b72f72aacd7cc98cb77b55.png,0KFBU
be19200fabdd319eb25509e8e99252cefeeeb0b3.png,JC0ZJ
be4345f6670c9032c258fe21b49aa9e199046fb4.png,CQFEO
beb3bbf708d9d3246cf2f5e3c60484b30ffd6f35.png,MV3SX
bed6fe45d0c86682db0c628c98f2a8c68028bdbc.png,AEBEB
bf240c949d7cf5b3fd4e1188fe3bc397d2b9814c.png,S6B38
bf3b051467f4b8b8cc85956df60de0d2223ee63c.png,9S10D
bf80af2e578ae1235379e36166a03e32f18a2eb9.png,RBQ2W
bfcb1b6b3c3645b4b1c4aeff912f1fe52ed5a885.png,ADUTK
bfd49ef3d55102aeaf77beda892b1127727a3a79.png,NT5V6
c09038624d6b6d4c63b982ce5c596e129dc3b96f.png,KAO9F
c0cdb3e879ce4b65c27a602b26c90101e153e71a.png,YZYHL
c0df0e83a768fd4e416e03e47883011c471b64d5.png,3XKGW
c12379bdfa2d26391e15d6a719403a8018b2bf65.png,HZG3V
c1831ca3865066938b12f4f125aa6693623a5aa4.png,031JO
c1c14b167c62c7a9d71f3cd737e8fbf36f8f824d.png,5JF5U
c1f5c340a5d74d3d3f0b5e51a3487ed0b0ee8167.png,C4332
c1fb682611dd6c379828135099c259c21bd44cfd.png,78RYE
c236b7a50a6fa941b2fb391e4390346ebdf34659.png,LTIP7
c2d381aa9f5a85943ca136cdddca49ef6527ca95.png,14QOB
c330a8d37d692a3a76d68ae6d61b3c237b168dd3.png,G43I7
c33210bc8bdd99dcaa44972a4df8bc09cab9a4e7.png,8L830
c3439b62b04d79be6f3e57344c4638ef90baa0ad.png,II7IR
c3d9c2d16a81a35b770776a3a012d3217de3bcf7.png,4P80A
c3f374043b7ba3e9bb2607848818fb8953426c09.png,MAZMP
c41b9357f9775d50ff68063a02bb4abf0e55a853.png,RF8HZ
c41d4b5e3cd010e86adcc7d2bce5b3425654d2cf.png,H3Z96
c42b335dd0d93d446299d1ecb965af33eb55b1cc.png,IPMOJ
c4ca8bd05a284ef4f80ee43234951e7e73cb2fd1.png,MBXAH
c4d9ed61192134d552abee7f1b2cee20379550e1.png,7KWQ6
c5ab9470faa0cdec579b7df34ebcfb16d65b5f27.png,EWKSM
c5efceb6ac12be82c4ba8a06e0b6ca920d18f669.png,SWMCJ
c602b9876300d24e94d866ae3b83d63c7c58548d.png,4SNKL
c61f6a7257c95eb32422c35a7245f5f71b14e712.png,7P98X
c637ee886d188fa84e2e09a08ad9e830c9461d32.png,7NS7U
c645295f93ac315b53aa4418a90c07e2cf24c481.png,R03HJ
c6541be6d0195458d3d0d5bef46be76097482ac4.png,I6ISX
c67f59547c70f358ccbeaab5ea7380491fad8427.png,8VJVN
c6903bbd43b3fd4516bf462ce95c9e0beda3a433.png,XM8Y0
c6a1a8da1b024ef403e2ccddcf4a01d867abf595.png,CUYJ9
c6be2176b0dcbdf995b3b71b54edff50e39b4081.png,KRLG5
c71ad3cf6cd07915ee60886a90f1d993daebed0d.png,A76MC
c72db2085f2934b8fde27890d857b96caf97ae28.png,0TEXP
c747807364b65cd9f6b8cb9865a561ef53005111.png,X6L03
c7b8cc50d20916cc6e1297b324678b9c7b3c1b92.png,SZLWB
c7e4b7fd8a42e8e6e5289fdc197751a3ba19f243.png,G8D05
c857a3dad230c3c81e0df512044a31435d2f0a04.png,YCW0T
c892e47d62445388a1887f066576878acc475abd.png,XX3NI
c8e28fe2249eb3a353d8cd498e4ebdfd15c719f4.png,Z0KU4
c8eb0f7e4e32bd35e5bc7af77e08d229954e629e.png,I5BAE
c996da0523b215b3238bec77beb5946ea36d0b5e.png,Z8PN9
c9ae641201f2ad0efee716039f27154452356052.png,W4R0Q
c9b376550e9aab5e0701db66c1e4163e952632a0.png,9NQTM
c9fcca0c855b80a45fe8e562c1f4e049cdde60e5.png,JOMS2
ca87543c93a1e68bcade88d3831eeae7de40c1c0.png,3W0W2
cac25ae3bd740251370f6cb3fd9f8c45fbc259cc.png,GAN09
cadb3b69ef9cc2bd654c3ef3c685c1ce07eb75db.png,QHYW4
cae1419884bd67d79a125d5d43bf02dff15b9914.png,H2J3L
cb15448818aeb65282bf059e9f38ae2a76ad5db7.png,8PHPU
cb2b33062a3a477a0facf8b4988bcf45c1645cce.png,JK9UI
cbade67ea74de91112a48257e0e8f4ec25e8c9f0.png,RNHCB
cbd15c138c027ce4bb062d629ca8efe5f8ec3896.png,T4IMK
cc4dcd472fdbe901242692c5cdbd8ec5a8d48ebb.png,5Z0A2
cc5a133ba5cd2b8bf2680bd7970a3a74e7a98a69.png,3EST6
cc6dc3d4769756ea058a0278df644c71fd549c0b.png,TRFXC
ccb3d58dec7a377983d86f281b4d18ae416df131.png,IMPQ8
ccebe084231d88cff074b1a53fa67b11933b7122.png,D1UT0
ccf03e5743d63f434a0cacfe404a0a24c25aec96.png,Y4ZWJ
ccf4a6cb35668ab2a1af820c4aeae5dd44b23eef.png,B1EZS
cd545d28bee96ca49cf034f0153026ffbbcba1a2.png,F7C94
cda9ada4ce1a5194e81b456aed5d0dafdfb73466.png,3RG46
cdd796be8ac4ca46afc6fabb8daef7bb8fdbecfd.png,SX3K0
ce08eca8f653bc74f5b8d5bdbc40d1f50f45f470.png,PS7MF
ce1984482fad97feeb31007f930c7956fbae8b10.png,JIB0S
ceda04a74ee0a6cb953a061ad41087d488ad0622.png,X6821
cf04c62925080b11f5f65c81a86272e66b099ecb.png,S7QFV
cf659fd0bb0901ed4088edf8b4f31c0f58d0fa1e.png,ARBI6
cfea86c435061a0e93f5b77dd1b51ffe6ac97b65.png,LS6W9
cff2c3cee9ad590d6b2f1b9bc1c7bbb8508ff9e8.png,GEK8G
d044ba56844df868dfdafaa5a9eab1db51d6f747.png,BI0HL
d0f024520eb4070a3f48eda8bf4b66271eff2b65.png,I4ZBY
d139ef069f00fdb3f364049832ef27c38268885c.png,XAYW0
d153f1f4bc64ae001aff2e00dc5125e519a52664.png,X1AY6
d15cea64c9a738e08cbdf78ce731e6be7d9da047.png,085BE
d187d77a27de937defa7ebce8eabc1da8f7a0f03.png,IQFDR
d2071fcad5bd0878f777724415074ccf9f507b68.png,G3WZQ
d28c50cfebf33b52807bceb039e97e41810f06ca.png,CQKRT
d2911c18ca65380583ab4be5eb5392435cc486e4.png,32QWQ
d2d4b6bca4c29f520d259fb740a96a96d8a34c91.png,X8RU9
d31f910670e9024b242cc8992459530f78517f58.png,QW0RD
d37f0129e5de043664e33e9242cd6022a73708d8.png,GG0FX
d387fc44cb0d39314931e0e135528ea56b4503ea.png,IM14B
d3bc28c20aa76bc9554592035459a0a3483cfd2c.png,2PFG8
d3c5e307fba2ebad6454dc2f4747d825e029e184.png,0YO1Q
d3dffd6799ee1a481d39da341cd9558ab1643fb3.png,J0B37
d3e82ff16539f58692313e8b47b8f04e0cced2df.png,3OLP7
d4c209b11e35a23eba61697d6c02186b919fe838.png,61S5K
d4d14ecd261a14810f8a16fb6514c38f6c781b29.png,AK1M5
d5391d9b377fcb1835dde3bea168b398409e5821.png,G4LQU
d54c232b22df8f828d975709c2dc6cf33915f0dc.png,RLN6G
d62e1439cae6cda25a6302e153693fb2bb2a661d.png,MGT52
d633515be28f2f79dcc94531978c91e0a863c9bc.png,WEFVP
d7012428ab29fc49c7fab9bdefb61f186636807e.png,SDSTY
d76c4684e215589d7e7680f6d2dc3313edff51ce.png,P67ZO
d77f0295bc726530421eec4981e35ff68312206a.png,MNZBL
d7882a6492bd9e6e9181fcbd27a022bde5439c7b.png,MHLLG
d79a5ee6ff4adf72313cc963866c8ff973a2a0ed.png,KJ6QG
d7a2b4ef464fde33fe317004a5eedc6a5c91f5df.png,KC9U2
d7c90352397a4c8a4650e98419dfaaeba8cf5eb2.png,J74VD
d7e88819d80c1f85e6a732b949ff27d60c5e396c.png,KSWC9
d8235e98ac4b7e822dd44682e6d80b42f3f45934.png,W52B9
d861f7f4b575c3e378c697154b84d3aeee38dbef.png,XH236
d8fdc41e0b88a62cda9a95363a3e332dfe66ad20.png,PIHV3
d90b4a78848ffd2c2c23957d5bc6ed402cdc6b41.png,MF1H0
d916cd1e1ee1d4c987d2d7ae1ded0823e0c247aa.png,YN0AF
d9b07fb3ad7c2823d47f27a570b4048458379a81.png,QSEVO
d9c6acae93a8ae08c56e6889834e1a5e51e6ab92.png,6MKV9
d9e73a60ab93981f4147ddad00e1a5a3349efd47.png,I8DWY
da20a537fc89c69db8760953b2539f42dd8a03f1.png,NM9WM
da393d9d333d212a74be8e4759c99e8896cd42fb.png,OFKDJ
da59986be36fe4ec85a2295ff43a5eda435546c6.png,5R2IU
da65013df8ec143f5407fad2e9def126e3ff8edb.png,B1WJU
da6afb8b3b1f83529cc755eaafa89dc30ccbdc42.png,CO9XC
da75aea79ac75f2b8f1c4b24cda9a6a4857bd0c7.png,J4JRW
dae84ea93083dff5a5ac69e9f83f2a1cf44cb7ff.png,G8V5C
dba97401bd2730f083d7d0f6f9d917a56f5b2929.png,QRKJ3
dc0494e301c6da03140f0fd2e088c66cdbdd003d.png,ZUOC7
dc2219b4bc4120e391a11e7ffa54d5a48515daa3.png,SECZ6
dc7a223b6cb1d1c500cc04c74bc68430ccaa1cec.png,EQF6S
dcd95f1e7cad858234270f71e92419c8a7ae6058.png,XL5BM
dce715af6ce452448f58152f0b09b6a61cc33fcc.png,5BGIV
dd5b5dcb6bbd513a94647db5b10817184777bed1.png,FLQN9
ded866add49e1faacf692c4e192c194af6fd310e.png,RB5ZG
df0c9884eba07530acdd70e90761fa4149763baa.png,AN6ZP
df7ab2319f9339b53175149b67766342bed889a6.png,7UZ9G
dfd032925cfcb5b397806aba5b5970655967554b.png,7Q6TW
dfd0ec78739fbfc63f688955c6501afa1a0cac27.png,N80W7
e03548f2396f55d1bbcb400731381420d4efb232.png,NFC1C
e147d819969dfbd255da76a1c4cd4512ace16ab5.png,KHR2J
e184d5be00f701ff6bdf10d28b6c5491164abbb9.png,7U03C
e1b9239013e9f989135602231d6e39d6d2db4e8d.png,LB928
e1c494b7aea8285dc48832d2d50a5be4bd8edf8f.png,WXO58
e1d1c6737a0dc2cf0e0d0d698d6b347cecf81e12.png,AX8YS
e27e606f2f5aa46008df0ca64c3e70aaf9cd779f.png,9ZXD6
e2e2767959a1ecfab7281fcf1ff08e0ae2d95aca.png,3GK1N
e35e9d0d3e5d960c20f5ab53dca51e40bba1afea.png,QBHV4
e3cac708355b573e1c393c47da096d9013ae6378.png,N5GCJ
e448e327c276261c4467c0ad35fc158b39b8f94d.png,SF134
e46b4e83bad819685dc30ffc2f5437184b5e84b3.png,BKQ5S
e47361fdeed07a43917cc969ffb3db8db12e927a.png,XRRBC
e48799ee993318b3d6dd64349b92849d5e8baf60.png,EFDF0
e539252f3d79c4b5abf99868c19db685949fb8a0.png,FUK47
e5adbfbfe2742c68be0fcc991a4181204b941f1b.png,VZ8IY
e60b18e7c2873f4f8a02aa7c613ac81909ce5f4b.png,VH57W
e6e858ec7d4db8baecadf571d71527338e8ff151.png,HM35S
e73d6c8c4be5d7834f589e01d63a8e204e43b3e9.png,63V2S
e78de38c378bb97998caa48c52a422407390d1da.png,2HGGM
e7b01969fe004477b68caa08a719b531e281768a.png,KE6JG
e7c4a84db33a9479c2414ff055ba0db18af40037.png,5NWB9
e83e0644ba3715543f880499325f503ff567652c.png,009DR
e8432749f92d1e4a8b0827da002dcdb62979b406.png,F5QAC
e8492e28e3d1982b80db4181d2bbc956a2a7188c.png,TGLED
e85a8a8c12bd7393c2eac4ef388d102863ab08c9.png,19P23
e87012d0f43910732d858dc61dcd2e3dbd1c7d61.png,RL1XY
e8d96ae01be0c2e59c2499d9509cc001c7691854.png,QP08E
e9183db1147aa0d853da5761ce3f80ffdaa21f8e.png,V0CIM
e98e05722eccf664e47de3dc00cc9765949afc8a.png,42OFD
e9b875d141f4d14bf201466b215c8dc233eb84be.png,5SZPT
e9c315f307e438f38b9c451e2e485585085f514c.png,1Z0O2
e9c6e2bd5d201532164d0c74905d31a3090f75b7.png,NJZLK
ea02e943b10ec1325100ff8b9c8eef0146b726f4.png,4JKRR
ea7fcbde56b8d489e7c05a7ef3b518abc473707b.png,QYQ6G
ea866c1f054b07921a20b598b4c16158996ef6cc.png,ZCFGI
eafe444fe7f98cdf112de91f4f979f27a55c5343.png,46MGV
eb0fd40ac8fb6ebc89a7dabe24fdb1ba8ff735ac.png,L4JFE
eb1b572f2534c76596548b17b88f49a43a284d2d.png,MAJRI
eb2375c729df24a397c00dd58a53345327b4b59b.png,V20J2
eb357b9b3933b56f218a885eea7f18d6c3cd272c.png,ZOMEF
eb515d58b3a5e75845d485246b29736dfc33f27e.png,6WP03
eb69f5907bd4e6ca6f643a7b3ec1ed8da553f69a.png,Z101A
eba0655488d604754c4c7a1c18139b62809a482e.png,YE43V
ebd7a1fb68db27bd0227cbb44302a943558405e5.png,X6BNC
ec3d3e104226796ca1caea43724bd31818923077.png,SWDN3
ec4b5e84f8cbc767d0344c5117169ee83c688dab.png,D1NU8
ec627bed682832420b8bbf9ea9d0f59a8019b0de.png,0KD96
ed4510c1555ee26796240f1660377bb7092c26e4.png,GJTTE
ed968bc01007fc352df75c901beb9d6da9f7d7b0.png,7OJD8
eda2dda11f9c7a226fd46f5aadef528468c40033.png,JRWT6
eddc8a884daa674f5c73ef845b43c217c814a2c4.png,U1BUC
ee000446084d56642a7dae18dda785f9d93f5448.png,DRJZK
ee0a2b0ebae0c8a5dc19ecb6deea952c7ab6a166.png,9L4KP
ee1b1bc3b8e75ed4cf18cedf4551d1d732ea8665.png,D1LNR
ee299c875ea291132303d79aa0ed1bf56c01aa5a.png,R8AKK
ee2cef6129f0ce628b0e0f9422169e67ac1adfa3.png,2MA36
eea97f0437c13edd26ee62e31e23465e1ee3df76.png,QK99C
eefdb914784c51b0357bcc9bec2c5691e705d352.png,9WC9U
ef34cf2ff2542a9e1b2f6521c80f9ce99b17521b.png,XSXHH
ef9cebc23a6b147904439c32192ae5f5028187f4.png,YMYCY
f04547f8e12eea2f34c2db691596b7c95c6d6a82.png,IKMOJ
f08410b5d06066906002f934585885fc8c5e1faa.png,3LXQU
f0c24204f8cae798a1a557432825fe9dc4c0ffc2.png,LKK0X
f0d85d5b51f24fa245f25b9bcebc45d1456f6ba1.png,SCELU
f0e7c5978aed9bd302dbf2a939089a0c451fba59.png,CQY18
f223082802eee05b632cc4b2d3e3bf8e7b165d25.png,A54JN
f224e339bd8ed3c561ba21430d7339484b7e94a9.png,FMI0E
f25317ba7b3a0186f65b000ac3fcd6c94b6e961e.png,MMQVT
f2a2006b1ac6bdcb597d30d77abbd9096a42e0f0.png,CC24R
f2b1cdb27124fcb9551ae14bd1c2e68efa2c3711.png,6SHXF
f2c3b7ff107d6e140c922497adb8fb03efa8dd41.png,AIQIB
f2cff0f7766087f29d94c3ddc99cc07a16f41e02.png,ZY54C
f2d007425278d9298b2e66bc74d8e96b7f1ae3cf.png,NRAUS
f333aac59d8ca467300e39d903109f85edc00c9a.png,9SCK4
f3a78a04a4343323eeabafd568be927969820063.png,JWFL3
f3c09423c56cca15566b6cd4d5914534f4a37e9b.png,46I1C
f41539f6180001493f96b5fccf40987232c9ac8d.png,AV6VZ
f450d74b507b22eeadc4068220b00b62179afe5e.png,EJS80
f45778d07ff924b48ce246ca6a540d8055df7a8f.png,ECHNE
f4a819c8b1f2e820f922d07410fc35a1c2f25bcf.png,MZF82
f4b8a7ae6f99755574d44a05382464bae9c644a1.png,J7L3U
f4e9d316fedfc7aa0d92ee4d207aac2930679b12.png,JSPS1
f56d79ac6b367ad41fde3abaa95fa5c9f7a85fab.png,2Z23Q
f5bca2b6b78e94b621f6c3b366b6d0d17310c6d5.png,1HXP8
f5d7609b90d8dc89754dfd7349af3a7b389e742f.png,V12SQ
f5f119662742abcff9e95a6393e23b18514d7082.png,QM22R
f5f8a9dd8164f535c29eb8735e04fdd6aaa24eab.png,QU6H9
f70fa3da08e4384388561ec1358ae5775cc188e5.png,0I0S5
f73714c288737f9e00e83a48185ab2ce82750c13.png,PNG9W
f751e6d162389a8c62f77c8b39ff61e75a67709f.png,G8V81
f79eb8b61a06aabe4d25c351822429f134c4add8.png,8UO4L
f87db1bc84013c8806e953c7e9f69b322d9c5b5b.png,HNF34
f8b1b4c759d00891506bdd48edc24618f67bc595.png,QSWJ0
f93d002877e61ea0030330ca58d3e7595fc7ec66.png,99NJK
f96112b735cf775fe0481fde08bf8cf1a0594e9c.png,OQMNX
f97b0e1a10a4bab0f6e89cea28f6c287a710ae71.png,PAY16
f983a21b77b2b7fd570f65964a126dc7fd13d376.png,YEMYS
fa493add0c984ae46dada05f5948790d236c8bd5.png,A8SV8
fb1d218088b09fcddec1fab79940fc1d9fed8787.png,578K9
fb3573c2ccc10f037e41f041ed57b673f191c196.png,42R9Z
fb854b39779dcb0b0592fdb5eeb532d239d62acc.png,F64FO
fbbab0a209b35e1e0a3100cbd600f7fcb5a6f90f.png,M7K7U
fbf76378d1dc5b3b8288acc6f74ff19dfc42088a.png,2MJFR
fc235b02e332f2337cf9ea82bded0e3e0613f0f1.png,KDXIL
fc69f680abc71416c21ecae91106632aba47a15b.png,M252S
fc8aa18cc73440c2653f071b629f2c1c7232fe2d.png,7HGXG
fcd290bf57e5a53015adeaa8167f413d95919ede.png,5OSPB
fcd3163c95fd16f2d13fa07b611a55edf6b2e3d6.png,688XE
fd021f5796a19934d6e7d99261bb571a7412c16a.png,0BRNB
fd20054405fd8be613433a0a4ca074a451923de3.png,BMSC7
fd2b434ce360c8a8d12e152b1eb931a8f92f1064.png,WF3X0
fd3119e14b7c09f85886d426281a48ab53fc2fd5.png,MEFR2
fd3af755a48a63502bbaa5dc2b8609da000b2bc6.png,IAIJD
fd3b263ff048267cc092681c2d8d793aa13d56dd.png,L28PT
fd731589c4cfd97028b5c00c97d68066cbca1f1c.png,294JX
fd7bcb24f3fe10627132e7ebefe7007365c1ac0c.png,SQIR9
fd7f679c77f6e009d6fbe2d7a39900a3b507da44.png,H3U84
fd9b785a71042dcd71ef20f1d76863ea996c7418.png,6ITRQ
fdac9281b21ac0ba9bb5d32011b170eeebd9636e.png,CX2TT
fe6210385903a703deecdb6815ef91e58037c5c3.png,WGEC5
fe7055c5724f19c408471e288aaebd7ba13e7842.png,0UT63
fe743ffcee35be4a429b47cb555f14cff025c327.png,GNGQ2
feafdc6f3eeda8761e3a832cd1b6ac9121a2d578.png,6RLAD
ff3fcadab96437ca3e63fe6a45ae090107e4741d.png,ZA75D
ffdceaadb308cbb45797b7dc9bf9d32bdefb6272.png,Q58RO
ffe9984660306e1d8149151e98df0c118b9f572a.png,LSMYM
